Title,Released,Prod_Budget,Dom_Gross,World_Gross
 The Force Awakens,2015-12-18,306000000.0,936662225.0,2058662225.0
 At Worlds End,2007-05-24,300000000.0,309420425.0,963420425.0
The Lone Ranger,2013-07-02,275000000.0,89302115.0,260002115.0
 Age of Ultron,2015-05-01,250000000.0,459005868.0,1404705868.0
 On Stranger Tides,2011-05-20,250000000.0,241063875.0,1045663875.0
 An Unexpected Journey,2012-12-14,250000000.0,303003568.0,1017003568.0
 The Battle of the Five Armies,2014-12-17,250000000.0,255119788.0,955119788.0
 The Desolation of Smaug,2013-12-13,250000000.0,258366855.0,960366855.0
 Prince Caspian,2008-05-16,225000000.0,141621490.0,417341288.0
 Dead Mans Chest,2006-07-07,225000000.0,423315812.0,1066215812.0
 Revenge of the Fallen,2009-06-24,210000000.0,402111870.0,836519699.0
 The Last Stand,2006-05-26,210000000.0,234362462.0,459359555.0
 Age of Extinction,2014-06-27,210000000.0,245439076.0,1104039076.0
The Golden Compass,2007-12-01,205000000.0,70107728.0,367262558.0
 Sands of Time,2010-05-28,200000000.0,90759676.0,314594597.0
Skyfall,2012-11-08,200000000.0,304360277.0,1110526981.0
 Dark of the Moon,2011-06-29,195000000.0,352390543.0,1123790543.0
Star Trek Into Darkness,2013-05-15,190000000.0,228778661.0,467381584.0
 The Lion the Witch & the Wardrobe,2005-12-09,180000000.0,291710957.0,720539572.0
Singularity,2020-12-31,175000000.0,0.0,0.0
 Rise of the Machines,2003-07-01,170000000.0,150358296.0,433058296.0
 The Winter Soldier,2014-04-04,170000000.0,259746958.0,714401889.0
Interstellar,2014-11-05,165000000.0,188017894.0,665417894.0
 First Class,2011-06-03,160000000.0,146408305.0,355408305.0
Shrek the Third,2007-05-17,160000000.0,322719944.0,807330936.0
Transformers,2007-07-02,151000000.0,319246193.0,708272592.0
 The Dark World,2013-11-08,150000000.0,206360018.0,644600394.0
Hancock,2008-07-01,150000000.0,227946274.0,624234272.0
 Wolverine,2009-05-01,150000000.0,179883157.0,374825760.0
Angels & Demons,2009-05-15,150000000.0,133375846.0,490875846.0
Tarzan,1999-06-16,145000000.0,171091819.0,448191819.0
 ImpossibleÂGhost Protocol,2011-12-16,145000000.0,209397903.0,694713230.0
 Retaliation,2013-03-27,140000000.0,122523060.0,375740705.0
 The Spirits Within,2001-07-11,137000000.0,32131830.0,85131830.0
 Breaking Dawn Part 2,2012-11-16,136200000.0,292324737.0,829724737.0
The Croods,2012-10-01,135000000.0,187168425.0,573068425.0
Happy Feet Two,2011-11-18,135000000.0,64006466.0,157956466.0
 The Far Side of the World,2003-11-14,135000000.0,93926386.0,212912137.0
 Breaking Dawn Part 1,2011-11-18,127500000.0,281287133.0,689420051.0
Harry Potter & the SorcererÂs Stone,2001-11-16,125000000.0,317575550.0,974755371.0
 A Game of Shadows,2011-12-16,125000000.0,186848418.0,535663443.0
 The Curse of the Black Pearl,2003-07-09,125000000.0,305411224.0,634954103.0
 Impossible 2,2000-05-24,120000000.0,215409889.0,549588516.0
 Full Throttle,2003-06-27,120000000.0,100814328.0,227200000.0
 Attack of the Clones,2002-05-16,115000000.0,310676740.0,656695615.0
 The Phantom Menace,1999-05-19,115000000.0,474544677.0,1027044677.0
 Revenge of the Sith,2005-05-19,115000000.0,380270577.0,848998877.0
 WinterÂs War,2016-04-22,115000000.0,48003015.0,164602163.0
AstÃ©rix aux Jeux Olympiques,2008-07-04,113500000.0,999811.0,132999811.0
 Allegiant,2016-03-18,110000000.0,66184051.0,171484051.0
 Cruise Control,1997-06-13,110000000.0,48097081.0,150468000.0
 The Fellowship of the Ring,2001-12-19,109000000.0,315544750.0,887217688.0
Gone in 60 Seconds,2000-06-09,103300000.0,101643008.0,232643008.0
The Hangover III,2013-05-23,103000000.0,112200072.0,362000072.0
 Judgment Day,1991-07-02,100000000.0,201858746.0,513815401.0
 Never Go Back,2016-10-21,96000000.0,0.0,0.0
Black Hawk Down,2001-12-28,95000000.0,108638745.0,159691085.0
 Continental Drift,2012-07-13,95000000.0,161321843.0,879765137.0
 The Return of the King,2003-12-17,94000000.0,377845905.0,1141408667.0
 The Two Towers,2002-12-18,94000000.0,342548984.0,934703179.0
 Tomb Raider,2001-06-15,94000000.0,131144183.0,273330185.0
Men in Black,1997-07-01,90000000.0,250690539.0,587790539.0
 With a Vengeance,1995-05-19,90000000.0,100012499.0,366101666.0
The Girl with the Dragon Tattoo,2011-12-20,90000000.0,102515793.0,239373970.0
 The Road Chip,2015-12-18,90000000.0,85886987.0,235296080.0
Memoirs of a Geisha,2005-12-09,85000000.0,57010853.0,161510853.0
 The Klumps,2000-07-28,84000000.0,123307945.0,166307945.0
 Back in Action,2003-11-14,80000000.0,20950820.0,54540662.0
 Impossible,1996-05-21,80000000.0,180981886.0,457697994.0
Walking with Dinosaurs,2013-12-20,80000000.0,36076121.0,130580730.0
Oceans,2010-04-22,80000000.0,19422319.0,86787530.0
Fantasia 2000 (IMAX),2000-01-01,80000000.0,60507228.0,60507228.0
Batman Returns,1992-06-18,80000000.0,162833635.0,266824291.0
Don Gato el inicio de la pandilla,2015-12-31,80000000.0,0.0,4116170.0
 Chipwrecked,2011-12-16,80000000.0,133107389.0,349088523.0
The Lion King,1994-06-15,79300000.0,422780140.0,987480140.0
 Au service de Sa MajestÃ© ,2012-12-31,77600000.0,0.0,60680125.0
Independence Day,1996-07-02,75000000.0,306169255.0,817400878.0
 Jurassic Park,1997-05-22,75000000.0,229086679.0,618638999.0
Munich,2005-12-23,75000000.0,47379090.0,131492772.0
Seven Years in Tibet,1997-10-08,70000000.0,37945884.0,131445884.0
Die Hard 2,1990-07-03,70000000.0,117323878.0,239814025.0
Agora,2010-05-28,70000000.0,619423.0,38992292.0
Big Fish,2003-12-10,70000000.0,66432867.0,123954323.0
Inglourious Basterds,2009-08-20,70000000.0,120774594.0,316915264.0
 The Squeakquel,2009-12-23,70000000.0,219614612.0,443483213.0
 Eclipse,2010-06-30,68000000.0,300531751.0,706102828.0
 Trinity,2004-12-08,65000000.0,52397389.0,132397389.0
Lincoln,2012-11-09,65000000.0,182207973.0,273346281.0
 The Story of a Murderer,2006-12-27,63700000.0,2223293.0,133603463.0
Austin Powers in Goldmember,2002-07-25,63000000.0,213117789.0,292738626.0
 A Dungeon Siege Tale,2008-01-11,60000000.0,4775656.0,13075656.0
300,2007-03-09,60000000.0,210614939.0,454161935.0
 Legend of the Seven Seas,2003-07-02,60000000.0,26483452.0,80767884.0
 Armed & Fabulous,2005-03-24,60000000.0,48478006.0,101382396.0
Inkheart,2009-01-23,60000000.0,17303424.0,66655938.0
Reign of Fire,2002-02-19,60000000.0,43061982.0,82150183.0
 City of Bones,2013-08-21,60000000.0,31165421.0,75965567.0
Michael Jacksons This Is It,2009-10-28,60000000.0,72091016.0,252091016.0
 Afterlife,2010-09-10,57500000.0,60128566.0,295874190.0
Dragonheart,1996-05-31,57000000.0,51364680.0,104364680.0
Lolita,1998-07-22,55000000.0,1147784.0,1147784.0
Pocahontas,1995-06-10,55000000.0,141579773.0,347100000.0
George Of The Jungle,1997-07-16,55000000.0,105263257.0,174463257.0
A Very Long Engagement,2004-11-26,55000000.0,6167817.0,69759296.0
Aeon Flux,2005-12-02,55000000.0,25857987.0,47953341.0
Superman II,1981-06-19,54000000.0,108185706.0,108185706.0
 Part III,1990-12-25,54000000.0,66520529.0,66520529.0
The Thin Red Line,1998-12-23,52000000.0,36400491.0,97709034.0
 Fully Loaded,2005-06-22,50000000.0,66010682.0,144110682.0
Super 8,2011-06-09,50000000.0,127004179.0,257972745.0
Outlander,2009-01-23,50000000.0,166003.0,1250617.0
 Prince of Thieves,1991-06-14,50000000.0,165493908.0,390500000.0
As Good as it Gets,1997-12-24,50000000.0,148478011.0,314111923.0
Hannibal the Conqueror,2020-12-31,50000000.0,0.0,0.0
 The Legend Continues,2013-12-18,50000000.0,127352707.0,172185754.0
Story of Your Life,2016-11-11,50000000.0,0.0,0.0
We Bought a Zoo,2011-11-26,50000000.0,75624550.0,118729073.0
Eastern Promises,2007-09-14,50000000.0,17181265.0,56077088.0
Defiance,2008-12-31,50000000.0,28644813.0,52987754.0
Unfaithful,2002-05-08,50000000.0,52752475.0,119114494.0
 The Legend of Chun-Li,2009-02-27,50000000.0,9135036.0,12335036.0
Anna Karenina,2012-11-16,49000000.0,12816367.0,71004627.0
10 to Yuma,2007-09-02,48000000.0,53606916.0,71171825.0
K-PAX,2001-08-13,48000000.0,50315140.0,50315140.0
Taken III,2015-01-09,48000000.0,89256424.0,327656424.0
Traffic,2000-12-27,48000000.0,124107476.0,208300000.0
Inchon,1982-09-17,46000000.0,4408636.0,4408636.0
Galaxy Quest,1999-12-24,45000000.0,71423726.0,90523726.0
 Evolution,2006-01-20,45000000.0,62318875.0,113417762.0
Frankenstein,1994-11-04,45000000.0,22006296.0,112006296.0
 Royal Engagement,2004-08-11,45000000.0,95149435.0,122071435.0
Foodfight,2012-12-31,45000000.0,0.0,73706.0
Across the Universe,2007-09-14,45000000.0,24343673.0,29367143.0
Revolutionary Road,2008-12-26,45000000.0,22911480.0,79564960.0
Nixon,1995-12-20,45000000.0,13668249.0,34668249.0
Man cheng jin dai huang jin jia,2006-12-21,45000000.0,6566773.0,75566773.0
 First Blood Part II,1985-05-22,44000000.0,150415432.0,300400000.0
The Interview,2014-02-06,44000000.0,6105175.0,12342632.0
Finding Forrester,2000-12-19,43000000.0,51768623.0,80013623.0
Cleopatra,1963-06-12,42000000.0,57000000.0,71000000.0
Chicken Run,2000-06-21,42000000.0,106793915.0,227793915.0
Micmacs,2010-05-28,42000000.0,1259693.0,11756922.0
Pourquoi jai pas mangÃ© mon pÃ¨re,2015-12-31,42000000.0,0.0,182156.0
 amis pour la vie,2006-12-31,42000000.0,0.0,83833602.0
A KnightÂs Tale,2001-05-11,41000000.0,56083966.0,100622586.0
Back to the Future Part III,1990-05-24,40000000.0,88055283.0,244088654.0
Spawn,1997-07-31,40000000.0,54979992.0,87949859.0
The Crow,2015-12-31,40000000.0,0.0,0.0
Legal Eagles,1986-06-18,40000000.0,49851591.0,49851591.0
Impostor,2002-01-04,40000000.0,6114237.0,7974607.0
FearDotCom,2002-08-30,40000000.0,13208023.0,13208023.0
Dragon Nest Warriors Dawn,2014-12-31,40000000.0,0.0,155403.0
RiÂ¢hie RiÂ¢h,1994-12-21,40000000.0,38087756.0,38087756.0
Un monstre Ã  Paris ,2013-04-16,40000000.0,0.0,27000381.0
Pirates,1986-07-01,40000000.0,1641825.0,6341825.0
Snowpiercer,2014-06-27,40000000.0,4563029.0,88069880.0
The Talented Mr Ripley,1999-12-24,40000000.0,81292135.0,128792135.0
Escape From Planet Earth,2013-02-15,40000000.0,57012977.0,74156610.0
American Hustle,2013-12-13,40000000.0,150117807.0,257878294.0
The Hurricane,1999-12-29,38000000.0,50699241.0,73956241.0
 The Island of Lost Dreams,2002-08-07,38000000.0,85846296.0,119721296.0
 Generations,1994-11-18,38000000.0,75671262.0,120000000.0
Virgin Territory,2008-08-26,38000000.0,0.0,5473041.0
The Express,2008-10-04,37500000.0,9793406.0,9813309.0
Obitaemyy ostrov,2009-12-31,36500000.0,0.0,15000000.0
Snow Falling on Cedars,1999-12-24,36000000.0,14378353.0,14378353.0
Biutiful,2010-01-21,35000000.0,5101237.0,24687524.0
 The Motion Picture,1979-12-07,35000000.0,82258456.0,139000000.0
 The Spy Who Shagged Me,1999-06-10,35000000.0,206040085.0,310332636.0
J Edgar,2011-11-09,35000000.0,37306030.0,84606030.0
Wonder Boys,2000-02-23,35000000.0,19389454.0,33422485.0
Closer,2004-12-03,35000000.0,33987757.0,115476509.0
The Pianist,2002-12-27,35000000.0,32519322.0,111854182.0
 Long Walk to Freedom,2013-11-29,35000000.0,8323085.0,27480015.0
Black Water Transit,2008-12-31,35000000.0,0.0,0.0
 Rise of the Lycans,2009-01-23,35000000.0,45802315.0,89102315.0
The Tree of Life,2011-05-27,35000000.0,13305665.0,61721826.0
Lion of the Desert,1980-01-01,35000000.0,1500000.0,1500000.0
What Happens in Vegas,2008-05-03,35000000.0,80277646.0,218535708.0
Bound by Honor,1993-04-16,35000000.0,4496583.0,4496583.0
Saving Mr Banks,2013-12-13,35000000.0,83299761.0,114962525.0
The Walk,2015-09-30,35000000.0,10137502.0,61173364.0
Thunder & the House of Magic,2014-09-05,34000000.0,4091.0,10392666.0
The Age of Innocence,1993-09-17,34000000.0,32014993.0,32014993.0
Reds,1981-12-04,33500000.0,50000000.0,50000000.0
 Return of the Jedi,1983-05-25,32500000.0,309205079.0,572705079.0
The Reader,2008-12-10,32500000.0,34194407.0,113019290.0
Phenomenon,1996-07-05,32000000.0,104636382.0,152036382.0
Cradle Will Rock,1999-12-08,32000000.0,2899970.0,2899970.0
D-War,2007-09-14,32000000.0,10977721.0,79915361.0
George & the Dragon,2004-12-31,32000000.0,0.0,0.0
This is the End,2013-06-12,32000000.0,101470202.0,126539117.0
Midnight in Paris,2011-05-20,30000000.0,56816662.0,162942835.0
 The Curse of the Were-Rabbit,2005-10-05,30000000.0,56068547.0,197593152.0
Atonement,2007-12-07,30000000.0,50980159.0,129779728.0
 When Nature Calls,1995-11-10,30000000.0,108360063.0,212400000.0
The Merchant of Venice,2004-12-29,30000000.0,3765585.0,18765585.0
Million Dollar Baby,2004-12-15,30000000.0,100492203.0,232016402.0
Grace of Monaco,2015-12-01,30000000.0,0.0,25199891.0
Miss Potter,2006-12-29,30000000.0,3005605.0,35891257.0
 The Final Frontier,1989-06-09,30000000.0,52210049.0,70200000.0
Chicago,2002-12-27,30000000.0,170687518.0,306776732.0
Mystic River,2003-10-08,30000000.0,90135191.0,156822020.0
 The Final Insult,1994-03-18,30000000.0,51041856.0,51041856.0
27 Dresses,2008-01-13,30000000.0,76808654.0,160247805.0
Konferenz der Tiere,2010-12-31,30000000.0,0.0,53048539.0
Assault On Precinct 13,2005-01-19,30000000.0,20040895.0,36040895.0
Space Pirate Captain Harlock,2013-12-31,30000000.0,0.0,143490.0
Ripleys Game,2003-12-31,30000000.0,0.0,0.0
Savva Serdtse voyna,2016-03-08,30000000.0,0.0,172242.0
The Good Thief,2003-04-02,30000000.0,3517797.0,6460758.0
9,2009-09-09,30000000.0,31749894.0,48559999.0
Take the Lead,2006-04-01,30000000.0,34742066.0,65390493.0
Taking Woodstock,2009-08-26,29000000.0,7460204.0,10066366.0
Confessions of a Dangerous Mind,2002-12-31,29000000.0,16007718.0,33013805.0
Twelve Monkeys,1995-12-27,29000000.0,57141459.0,168841459.0
Die Hard,1988-07-15,28000000.0,81350242.0,139109346.0
Last Vegas,2013-01-28,28000000.0,63914167.0,112914167.0
Alatriste,2007-12-31,28000000.0,0.0,22860477.0
Aladdin,1992-11-11,28000000.0,217350219.0,504050219.0
The Magic Flute,2006-12-31,27000000.0,0.0,0.0
Die Unendliche Geschichte,1984-07-20,27000000.0,21300000.0,21300000.0
 The Undiscovered Country,1991-12-06,27000000.0,74888996.0,96900000.0
Accidental Love,2015-03-17,26000000.0,0.0,135436.0
The Grimm Brothers Snow White,1997-08-24,26000000.0,5000.0,5000.0
In Good Company,2004-12-29,26000000.0,45489752.0,63489752.0
Blood & Wine,1997-02-21,26000000.0,1083350.0,1083350.0
Viy,2015-06-30,26000000.0,0.0,34246770.0
 A Cinderella Story,1998-07-31,26000000.0,65705772.0,65705772.0
Philadelphia,1993-12-22,26000000.0,77324422.0,201324422.0
Nothing To Lose,1997-07-18,25000000.0,44480039.0,64594061.0
Angelas Ashes,1999-12-24,25000000.0,13038660.0,13038660.0
Love Ranch,2010-06-30,25000000.0,137885.0,146149.0
Spice World,1998-01-23,25000000.0,29342592.0,56042592.0
The Shawshank Redemption,1994-09-23,25000000.0,28241469.0,28241469.0
 The Secret of the Ooze,1991-03-22,25000000.0,78656813.0,78656813.0
 De geheime doorgang,2010-12-31,25000000.0,0.0,71594792.0
Legend,1986-04-18,25000000.0,15502112.0,23506237.0
Tora Tora Tora,1970-09-23,25000000.0,29548291.0,29548291.0
Goodfellas,1990-09-19,25000000.0,46743809.0,46743809.0
Tulip Fever,2017-02-24,25000000.0,0.0,0.0
The Gambler,2014-12-10,25000000.0,33680992.0,38718031.0
La vÃ©ritable histoire du Chat BottÃ©,2011-10-04,25000000.0,0.0,8208594.0
 Red White & Blonde,2003-07-02,25000000.0,90639088.0,125339088.0
Reagan,2016-12-31,25000000.0,0.0,0.0
There Will Be Blood,2007-12-26,25000000.0,40222514.0,77208711.0
Big Trouble in Little China,1986-07-01,25000000.0,11100000.0,11100000.0
Tank Girl,1995-03-01,25000000.0,4064333.0,4064333.0
Schindlers List,1993-12-15,25000000.0,96067179.0,321365567.0
Carnage,2011-12-16,25000000.0,2546747.0,38112154.0
Waterloo,1970-01-01,25000000.0,0.0,0.0
The Hours,2002-12-27,25000000.0,41675994.0,97030468.0
Tyler Perrys A Madea Christmas,2013-12-13,25000000.0,52543354.0,52543354.0
Shaun the Sheep,2015-08-05,25000000.0,19375982.0,101937062.0
The Worlds Fastest Indian,2005-12-07,25000000.0,5128124.0,18991288.0
Belka i Strelka Zvezdnye sobaki,2010-12-31,25000000.0,0.0,9445081.0
August Rush,2007-11-17,25000000.0,31664162.0,66015869.0
Million Dollar Arm,2014-05-10,25000000.0,36447959.0,39217912.0
Dangerous Liaisons,2012-11-09,24200000.0,17000.0,10447579.0
Muppets From Space,1999-07-14,24000000.0,16304786.0,16304786.0
Play it to the Bone,1999-12-24,24000000.0,8427204.0,8427204.0
 The Voyage Home,1986-11-26,24000000.0,109713132.0,133000000.0
The Fisher King,1991-09-20,24000000.0,41798224.0,41798224.0
Girl Interrupted,1999-12-21,24000000.0,28871190.0,28871190.0
 The Smell of Fear,1991-06-28,23000000.0,86930411.0,86930411.0
In the Valley of Elah,2007-09-14,23000000.0,6777741.0,24489150.0
 The Empire Strikes Back,1980-05-21,23000000.0,290271960.0,534171960.0
The End of the Affair,1999-12-03,23000000.0,10660147.0,10660147.0
Shi Yue Wei Cheng,2009-12-31,23000000.0,0.0,44195779.0
Her,2013-12-18,23000000.0,25568251.0,48783090.0
Gandhi,1982-12-08,22000000.0,52767889.0,127767889.0
Hit & Run,2012-08-22,22000000.0,13749300.0,17216955.0
Metegol,2013-12-31,22000000.0,0.0,30051905.0
I Am Sam,2001-12-28,22000000.0,40270895.0,92542418.0
The Game Plan,2007-09-22,22000000.0,90648202.0,146590987.0
The Butterfly God,2016-12-31,22000000.0,0.0,0.0
Darling Lili,1970-01-01,22000000.0,5000000.0,5000000.0
Out of the Furnace,2013-12-04,22000000.0,11330849.0,15434375.0
Shadowlands,1993-12-29,22000000.0,25842377.0,25842377.0
Michael Clayton,2007-10-05,21500000.0,49033882.0,92987651.0
Silver Linings Playbook,2012-11-16,21000000.0,132092958.0,236412453.0
Bitter Harvest,2015-12-31,21000000.0,0.0,0.0
Bullets Over Broadway,1994-10-21,20000000.0,13383747.0,13383747.0
To Die For,1995-09-27,20000000.0,21284514.0,27688744.0
 Resurrection of the Dragon,2010-04-13,20000000.0,0.0,22139590.0
The Brothers Bloom,2009-05-15,20000000.0,3531756.0,5531756.0
The Children of Huang Shi,2008-05-23,20000000.0,1031872.0,8221700.0
The History of Love,2016-12-31,20000000.0,0.0,0.0
 A Love Story,2009-09-23,20000000.0,14363397.0,19121531.0
Zambezia,2012-12-31,20000000.0,0.0,23346219.0
The Thousand Miles,2017-12-31,20000000.0,0.0,0.0
Story of Bonnie & Clyde The,2020-12-31,20000000.0,0.0,0.0
A Scanner Darkly,2006-07-07,20000000.0,5501616.0,7405084.0
The Greatest Story Ever Told,1965-02-15,20000000.0,15473333.0,15473333.0
Edward Scissorhands,1990-12-07,20000000.0,53976987.0,53976987.0
The Descendants,2011-11-16,20000000.0,82624961.0,175507800.0
The Touch,2004-03-31,20000000.0,0.0,5918742.0
Ramanujan,2007-12-31,20000000.0,0.0,0.0
Sweet Charity,1969-01-01,20000000.0,8000000.0,8000000.0
 Lost in New York,1992-11-20,20000000.0,173585516.0,358994850.0
The Debt,2011-08-31,20000000.0,31177548.0,46604054.0
Rapa Nui,1994-09-11,20000000.0,305070.0,305070.0
Beauty & the Beast,1991-11-13,20000000.0,218951625.0,451421625.0
Mrs Henderson Presents,2005-12-09,20000000.0,11036366.0,27836366.0
A Most Violent Year,2014-12-31,20000000.0,5749134.0,6071433.0
Koltchak,2008-12-31,20000000.0,0.0,38585047.0
Fight Valley,2016-06-30,20000000.0,0.0,0.0
Cant Stop the Music,1980-01-01,20000000.0,2000000.0,2000000.0
Close Encounters of the Third Kind,1977-11-16,20000000.0,166000000.0,337700000.0
The Fall of the Roman Empire,1964-01-01,19000000.0,4750000.0,4750000.0
The Book Thief,2013-11-08,19000000.0,21488481.0,76086711.0
Out of Inferno,2013-12-31,19000000.0,0.0,0.0
Mutiny on The Bounty,1962-11-08,19000000.0,13680000.0,13680000.0
Ne le dis Ã  personne,2008-07-04,18500000.0,6198883.0,33954018.0
Glory,1989-12-13,18000000.0,26593580.0,26593580.0
RocknRolla,2008-10-08,18000000.0,5700626.0,27794339.0
Nine 1/2 Weeks,1986-02-21,18000000.0,6734844.0,6734844.0
 Eine deutsche Kindergeschichte,2009-12-30,18000000.0,2222862.0,25727044.0
Troop Beverly Hills,1989-03-22,18000000.0,7190505.0,7190505.0
Amadeus,1984-09-19,18000000.0,51973029.0,51973029.0
Gosford Park,2001-12-26,18000000.0,41300105.0,41300105.0
Midnight Special,2016-03-18,18000000.0,3712282.0,6841142.0
 Trainspotting,2017-02-03,18000000.0,0.0,0.0
Raging Bull,1980-11-14,18000000.0,23380203.0,23380203.0
I Come with the Rain,2008-12-31,18000000.0,0.0,627422.0
Red Lights,2012-07-13,17700000.0,49521.0,14518884.0
Chasseurs de dragons,2009-06-23,17000000.0,0.0,13446115.0
My Fair Lady,1964-10-22,17000000.0,72000000.0,72000000.0
Roar,1981-01-01,17000000.0,2110050.0,2110050.0
Southland Tales,2007-11-14,17000000.0,275380.0,364607.0
LetÂs Be Cops,2014-08-13,17000000.0,82390774.0,136890774.0
55 Days at Peking,1963-01-01,17000000.0,10000000.0,10000000.0
Tron,1982-07-09,17000000.0,26918576.0,26918576.0
 H2O,1998-08-05,17000000.0,55041738.0,55041738.0
Sense & Sensibility,1995-12-11,16500000.0,42993774.0,134993774.0
Arn - Tempelriddaren,2007-12-31,16500000.0,0.0,21404122.0
Dead Poets Society,1989-06-02,16400000.0,95860116.0,239500000.0
El Laberinto del Fauno,2006-12-29,16000000.0,37634615.0,87041569.0
LÃ©on,1994-11-18,16000000.0,19284974.0,45284974.0
The Verdict,1982-12-08,16000000.0,53977250.0,53977250.0
The Artist,2011-11-25,16000000.0,44667095.0,128256712.0
Zulu,2013-12-31,16000000.0,0.0,1844228.0
Good,2008-12-31,16000000.0,31631.0,31631.0
Meteor,1979-01-01,16000000.0,8400000.0,8400000.0
 A Dogs Story,2010-03-09,16000000.0,0.0,47707417.0
Haeundae,2010-05-11,16000000.0,0.0,64733391.0
Ben-Hur,1959-11-18,15000000.0,73000000.0,73000000.0
In Dubious Battle,2015-12-31,15000000.0,0.0,0.0
Khumba,2013-12-06,15000000.0,0.0,20898221.0
The Princess Bride,1987-09-25,15000000.0,30857000.0,30857000.0
Lawrence of Arabia,1962-12-16,15000000.0,37495385.0,69995385.0
The Queen,2006-09-30,15000000.0,56441711.0,128885873.0
Boogie Nights,1997-10-10,15000000.0,26410771.0,43111725.0
Mulholland Drive,2001-10-08,15000000.0,7219578.0,11919578.0
Little Women,1994-12-21,15000000.0,50003303.0,50003303.0
You Will Meet a Tall Dark Stranger,2010-09-22,15000000.0,3247816.0,34247816.0
The Importance of Being Earnest,2002-05-22,15000000.0,8378141.0,8378141.0
Match Point,2005-12-28,15000000.0,23089926.0,87989926.0
The Object of my Affection,1998-04-17,15000000.0,29145924.0,29145924.0
 Wrath of the Dragon God,2005-12-31,15000000.0,0.0,909822.0
Whats Love Got to Do With It,1993-06-09,15000000.0,39100956.0,39100956.0
National LampoonÂs Vacation,1983-07-29,15000000.0,61400000.0,61400000.0
Wild,2014-12-03,15000000.0,37880356.0,52501541.0
American Beauty,1999-09-15,15000000.0,130058047.0,356258047.0
The KingÂs Speech,2010-11-26,15000000.0,138797449.0,430821168.0
Chiamatemi Francesco - Il papa della gente,2015-12-31,15000000.0,0.0,3439835.0
Earth,2009-04-22,15000000.0,32011576.0,109011576.0
U2 IIID,2008-01-23,15000000.0,12898847.0,26170402.0
Never Let Me Go,2010-09-15,15000000.0,2434652.0,11173718.0
The Deer Hunter,1979-01-01,15000000.0,50000000.0,50000000.0
 A VeggieTales Movie,2008-01-11,15000000.0,12981269.0,13248444.0
Bathory,2008-12-31,15000000.0,0.0,3436763.0
Beetle Juice,1988-03-30,15000000.0,73326666.0,73326666.0
The Good Night,2007-10-05,15000000.0,22441.0,22441.0
The Imitation Game,2014-11-28,15000000.0,91125143.0,227773686.0
Things to Do in Denver when Youre Dead,1995-12-01,15000000.0,529766.0,529766.0
New York Stories,1989-03-01,15000000.0,10763469.0,10763469.0
Promised Land,2012-12-28,15000000.0,7597898.0,9300336.0
Silent Trigger,1996-12-31,15000000.0,76382.0,76382.0
Broken Horses,2015-09-01,15000000.0,0.0,3471.0
Slumdog Millionaire,2008-11-12,14000000.0,141319928.0,384519665.0
Reign of Assassins,2011-12-31,14000000.0,0.0,11354230.0
New York New York,1977-06-22,14000000.0,13800000.0,13800000.0
 The Heretic,1977-06-17,14000000.0,25011000.0,25011000.0
The Spy Who Loved Me,1977-07-13,14000000.0,46800000.0,185400000.0
Dangerous Liaisons,1988-12-21,14000000.0,34700000.0,34700000.0
 A Parody,2009-10-27,14000000.0,0.0,1553556.0
Caravans,1978-01-01,14000000.0,1000000.0,1000000.0
The Iron Lady,2011-12-30,14000000.0,29959436.0,115592104.0
Taps,1981-12-09,14000000.0,35856053.0,35856053.0
Brokeback Mountain,2005-12-09,13900000.0,83043761.0,177012173.0
Clueless,1995-07-01,13700000.0,56598476.0,56598476.0
The Border,1982-01-29,13500000.0,6118683.0,6118683.0
Under the Skin,2014-04-04,13300000.0,2614251.0,7229933.0
 Never Say Never,2011-02-09,13000000.0,73013910.0,99034125.0
In The Land of Blood & Honey,2011-12-23,13000000.0,303877.0,509193.0
Good Morning Vietnam,1987-12-23,13000000.0,123922370.0,123922370.0
 The Dream Master,1988-08-19,13000000.0,49369899.0,49369899.0
Faithful,1996-04-05,13000000.0,2104439.0,2104439.0
The Claim,2000-12-29,13000000.0,622023.0,1375635.0
 Part II,1974-12-11,13000000.0,57300000.0,57300000.0
Operation Chromite,2016-12-31,12700000.0,0.0,0.0
The Prisoner of Zenda,1979-05-25,12500000.0,7000000.0,7000000.0
Glengarry Glen Ross,1992-09-30,12500000.0,10725228.0,10725228.0
La Guerre du feu,1982-02-12,12500000.0,20959585.0,20959585.0
Antwone Fisher,2002-12-19,12500000.0,21078145.0,23367586.0
San cheng ji,2015-12-31,12000000.0,0.0,0.0
Triangle,2009-09-15,12000000.0,0.0,1595168.0
 Pet Detective,1994-02-04,12000000.0,72217396.0,107217396.0
Gwoemul,2007-03-09,12000000.0,2201923.0,92618117.0
One Hour Photo,2002-08-21,12000000.0,31597131.0,52223306.0
Nanjing Nanjing,2009-11-07,12000000.0,122558.0,20122558.0
Patton,1970-01-01,12000000.0,62500000.0,62500000.0
Fortress,1993-09-03,12000000.0,6730578.0,46730578.0
Heaven is for Real,2014-04-16,12000000.0,91386097.0,100919111.0
In the Cut,2003-10-22,12000000.0,4717455.0,23693646.0
House of Flying Daggers,2004-12-03,12000000.0,11050094.0,92863945.0
Tu Xia Chuan Qi,2011-12-31,12000000.0,0.0,1828400.0
 Part of Me,2012-07-05,12000000.0,25326071.0,32700439.0
Def Jams How To Be a Player,1997-08-06,12000000.0,14010363.0,14010363.0
The Boys from Brazil,1978-01-01,12000000.0,19000000.0,19000000.0
Das Boot,1982-02-10,12000000.0,11487676.0,84970337.0
 Demon Knight,1995-01-13,12000000.0,21089146.0,21089146.0
Supesu Batorushippu Yamato,2013-10-19,12000000.0,0.0,0.0
Prophecy,1979-06-15,12000000.0,22673340.0,22673340.0
The Cry of the Owl,2009-11-27,11500000.0,0.0,0.0
Othello,1995-12-14,11000000.0,2844379.0,2844379.0
Le prÃ©nom,2012-11-16,11000000.0,61611.0,25307405.0
Army of Darkness,1993-02-19,11000000.0,11502976.0,21502976.0
Return to the Blue Lagoon,1991-01-01,11000000.0,2000000.0,2000000.0
Doctor Zhivago,1965-12-22,11000000.0,111721000.0,111858363.0
Inside Llewyn Davis,2013-12-06,11000000.0,13248209.0,32943247.0
The Molly Maguires,1970-01-01,11000000.0,2200000.0,2200000.0
Brooklyn,2015-11-04,11000000.0,38322743.0,62076141.0
 A New Hope,1977-05-25,11000000.0,460998007.0,786598007.0
Woman in Gold,2015-04-01,11000000.0,33307793.0,56758138.0
Vera Drake,2004-10-10,11000000.0,3753806.0,13353855.0
FIST,1978-04-13,11000000.0,20388920.0,20388920.0
Barry Lyndon,1975-01-01,11000000.0,20000000.0,20000000.0
The Last Days on Mars,2013-12-06,10600000.0,24084.0,261364.0
 A Space Odyssey,1968-04-02,10500000.0,56700000.0,68700000.0
 The Extra-Terrestrial,1982-06-11,10500000.0,435110554.0,792965326.0
There Goes My Baby,1994-12-31,10500000.0,125169.0,125169.0
Run Fatboy Run,2008-03-22,10000000.0,6003262.0,33512260.0
The Reef,2010-12-31,10000000.0,0.0,15037867.0
Rescue Dawn,2007-07-04,10000000.0,5490423.0,7037886.0
Severance,2007-05-18,10000000.0,137221.0,5950002.0
PeteÂs Dragon,1977-11-03,10000000.0,36000000.0,36000000.0
 Mission to Moscow,1994-08-26,10000000.0,126247.0,126247.0
Black & White,2000-04-05,10000000.0,5241315.0,5241315.0
Good Intentions,2009-12-31,10000000.0,0.0,0.0
 The Light,2008-01-08,10000000.0,0.0,8243567.0
Oliver,1968-12-11,10000000.0,37402877.0,37402877.0
 The Movie,1983-06-24,10000000.0,29500000.0,29500000.0
Adam Resurrected,2009-09-22,10000000.0,0.0,90909.0
Into the Grizzly Maze,2015-05-19,10000000.0,0.0,0.0
Kicks,2016-07-31,10000000.0,0.0,0.0
The Devils Tomb,2009-05-26,10000000.0,0.0,0.0
The Matador,2005-12-30,10000000.0,12589255.0,17300838.0
End of the Spear,2006-01-20,10000000.0,11748661.0,11924041.0
Good Will Hunting,1997-12-05,10000000.0,138433435.0,225933435.0
Sugar Hill,1994-02-25,10000000.0,18272447.0,18272447.0
Coriolanus,2011-12-02,10000000.0,749641.0,1049641.0
American Heist,2015-07-21,10000000.0,0.0,0.0
War Inc,2008-05-23,10000000.0,580862.0,1299855.0
Nicholas Nickleby,2002-12-27,10000000.0,1562800.0,1562800.0
Le Violon rouge,1999-06-11,10000000.0,10019109.0,10019109.0
 Beat The World,2011-06-21,10000000.0,0.0,1230542.0
Romeo Is Bleeding,1994-02-04,10000000.0,3275585.0,3275585.0
Gentlemen Broncos,2009-10-30,9500000.0,113682.0,118482.0
Re-Kill,2013-12-31,9500000.0,0.0,0.0
Its a Mad Mad Mad Mad World,1963-11-07,9400000.0,46300000.0,60000000.0
Red Dog,2011-12-31,9100000.0,0.0,20927794.0
Mine Vaganti,2010-12-31,9100000.0,0.0,18872126.0
Due occhi diabolici,1991-10-25,9000000.0,349618.0,349618.0
Veronika Decides to Die,2015-01-20,9000000.0,0.0,2243.0
Beneath Hill 60,2014-06-17,9000000.0,0.0,3440939.0
Alien,1979-05-25,9000000.0,80930630.0,203630630.0
Black or White,2014-12-03,9000000.0,21571189.0,21571189.0
Fiddler on the Roof,1971-01-01,9000000.0,80500000.0,80500000.0
Greater,2015-12-31,9000000.0,0.0,0.0
The Ultimate Gift,2007-03-09,9000000.0,3438735.0,3438735.0
Thunderball,1965-12-29,9000000.0,63600000.0,141200000.0
The Savages,2007-11-28,9000000.0,6623082.0,10642023.0
Ultramarines,2011-02-26,8900000.0,0.0,0.0
The I Inside,2004-12-31,8800000.0,0.0,0.0
Crazy Heart,2009-12-16,8500000.0,39471742.0,47417251.0
The Namesake,2007-03-09,8500000.0,13610521.0,20288774.0
Bright Star,2009-09-17,8500000.0,4444637.0,17220091.0
Kurtlar vadisi - Irak,2006-11-24,8300000.0,0.0,24906717.0
Quo Vadis,1951-02-23,8250000.0,30000000.0,30000000.0
The Sound of Music,1965-04-01,8200000.0,163214286.0,286214286.0
28 Days Later,2003-06-27,8000000.0,45064915.0,82955633.0
Chirstmas in Beverly Hills,2009-12-31,8000000.0,0.0,0.0
Much Ado About Nothing,1993-05-07,8000000.0,22549338.0,22549338.0
 All Saints Day,2009-10-30,8000000.0,10273187.0,10629320.0
Another Year,2010-12-29,8000000.0,3205706.0,20005613.0
The Death & Life of Bobby Z,2007-09-04,8000000.0,0.0,414617.0
Shadow of the Vampire,2000-12-29,8000000.0,8279017.0,8279017.0
The Good Girl,2002-08-07,8000000.0,14018296.0,16585503.0
Creepshow,1982-11-10,8000000.0,20036244.0,20036244.0
Anomalisa,2015-12-30,8000000.0,3759286.0,5531455.0
Little Miss Sunshine,2006-07-26,8000000.0,59891098.0,100642353.0
Begin Again,2014-06-27,8000000.0,16170632.0,68838736.0
Swelter,2014-08-12,8000000.0,0.0,0.0
Enough Said,2013-09-18,8000000.0,17550872.0,22850872.0
The Wendell Baker Story,2007-05-18,8000000.0,127188.0,127188.0
Henry Joseph Church,2015-12-31,8000000.0,0.0,0.0
 Underground,2015-02-24,8000000.0,0.0,0.0
Showdown in Little Tokyo,1991-01-01,8000000.0,2275557.0,2275557.0
CachÃ©,2005-12-23,8000000.0,3647381.0,19891331.0
A Street Cat Named Bob,2015-12-31,8000000.0,0.0,0.0
The Player,1992-04-10,8000000.0,21706101.0,28876702.0
Swimming Pool,2003-07-04,7800000.0,10130108.0,24021282.0
The Blood of Heroes,1990-02-23,7700000.0,882290.0,882290.0
Loin des hommes,2015-04-14,7700000.0,5336.0,1080428.0
Black November,2015-01-09,7500000.0,0.0,32572.0
Driving Miss Daisy,1989-12-13,7500000.0,106593296.0,106593296.0
The Hole,2001-12-31,7500000.0,0.0,10834406.0
(500) Days of Summer,2009-07-17,7500000.0,32391374.0,59101642.0
Outside Bet,2015-02-24,7500000.0,0.0,13524.0
Masked & Anonymous,2003-07-24,7500000.0,533344.0,555335.0
Die Welle,2011-05-27,7250000.0,0.0,35122948.0
Logans Run,1976-01-01,7000000.0,25000000.0,25000000.0
March or Die,1977-08-05,7000000.0,1000000.0,1000000.0
Snezhnaya koroleva,2014-01-28,7000000.0,0.0,12660527.0
,2015-12-31,7000000.0,0.0,1390976.0
Juno,2007-12-05,7000000.0,143495265.0,231450102.0
Factory Girl,2006-12-29,7000000.0,1661464.0,1661464.0
 The Legend of the Saw Tooth Cave,2015-09-01,7000000.0,0.0,0.0
Warlock,1991-01-10,7000000.0,8824553.0,8824553.0
Losin It,1983-04-08,7000000.0,1246141.0,1246141.0
High School Musical 2,2007-12-11,7000000.0,0.0,0.0
Fargo,1996-03-08,7000000.0,24567751.0,51204567.0
Twixt,2013-07-23,7000000.0,0.0,1268346.0
The Godfather,1972-03-15,7000000.0,134966411.0,268500000.0
The Piano,1993-11-12,7000000.0,40157856.0,40157856.0
Z Storm,2015-08-18,7000000.0,0.0,2053330.0
Stargate - The Ark of Truth,2008-03-11,7000000.0,0.0,0.0
Nikita,1991-03-08,7000000.0,5017971.0,5017971.0
Rabbit-Proof Fence,2002-11-29,7000000.0,6199600.0,16866928.0
Dazed & Confused,1993-09-24,6900000.0,7950889.0,7950889.0
Two Lovers & a Bear,2016-12-31,6840000.0,0.0,0.0
Bran Nue Dae,2010-09-10,6750000.0,113568.0,6812530.0
Dressed to Kill,1980-01-01,6500000.0,31899000.0,31899000.0
Shame,2011-12-02,6500000.0,4002293.0,20412841.0
Tracker,2011-12-31,6500000.0,0.0,3149.0
The Andromeda Strain,1971-01-01,6500000.0,12376563.0,12376563.0
Control,2007-10-10,6400000.0,871577.0,8902141.0
Return of the Living Dead Part II,1988-01-15,6200000.0,9205924.0,9205924.0
The Wackness,2008-07-03,6000000.0,2077046.0,3330012.0
 The Dream Child,1989-08-11,6000000.0,22168359.0,22168359.0
 Through the Portal of Time,1991-08-30,6000000.0,773490.0,773490.0
The First Great Train Robbery,1979-02-02,6000000.0,391942.0,391942.0
A Shine of Rainbows,2011-03-15,6000000.0,0.0,0.0
Dolphins & Whales Tribes of the Ocean IIID,2008-02-15,6000000.0,7714996.0,17252287.0
Do the Right Thing,1989-06-30,6000000.0,26004026.0,26004026.0
Duel in the Sun,1946-12-31,6000000.0,20400000.0,20400000.0
Shattered Glass,2003-10-31,6000000.0,2207975.0,3456602.0
Men of War,1995-12-31,6000000.0,0.0,0.0
The Usual Suspects,1995-08-16,6000000.0,23341568.0,34449356.0
The Wrestler,2008-12-17,6000000.0,26238243.0,46634275.0
Mary Poppins,1964-08-26,6000000.0,102300000.0,102300000.0
Venus,2006-12-21,6000000.0,3347411.0,7818479.0
West Side Story,1961-10-18,6000000.0,43700000.0,43700000.0
 The Revenge of Michael Myers,1989-10-13,6000000.0,11642254.0,11642254.0
War & Peace,1956-01-01,6000000.0,12500000.0,12500000.0
Novocaine,2001-11-16,6000000.0,2025238.0,2522928.0
The Last King of Scotland,2006-09-27,6000000.0,17606684.0,49155371.0
Best in Show,2000-09-27,6000000.0,18621249.0,20695413.0
Ordinary People,1980-09-19,6000000.0,52302978.0,52302978.0
Lake of Fire,2007-10-03,6000000.0,25317.0,26007.0
Freaky Deaky,2011-12-31,6000000.0,0.0,0.0
The Hit List,2011-05-10,6000000.0,0.0,0.0
The Planet of the Apes,1968-02-08,5800000.0,33395426.0,33395426.0
The Train,1965-03-07,5800000.0,6800000.0,6800000.0
Bend it Like Beckham,2003-03-12,5600000.0,32543449.0,74566042.0
Chariots of Fire,1981-09-25,5500000.0,57159946.0,57357808.0
Miss Julie,2015-05-05,5500000.0,0.0,863895.0
The Sting,1973-12-25,5500000.0,159616327.0,159616327.0
Animals,2008-12-31,5500000.0,0.0,0.0
Les Choristes,2004-11-26,5500000.0,3629758.0,83529758.0
Tao Jie,2013-02-26,5400000.0,0.0,4728896.0
Wilson,1944-08-01,5200000.0,2000000.0,2000000.0
A Farewell To Arms,1957-01-01,5000000.0,11000000.0,11000000.0
The Egyptian,1954-01-01,5000000.0,15000000.0,15000000.0
Flying By,2009-07-07,5000000.0,0.0,4568257.0
Monster,2003-12-24,5000000.0,34469210.0,64240813.0
The Return of the Pink Panther,1975-05-16,5000000.0,41833347.0,41833347.0
The Way Way Back,2013-07-05,5000000.0,21502690.0,26853810.0
  The Curse of Michael Myers,1995-09-29,5000000.0,15126948.0,15126948.0
April Fools Day,1986-03-27,5000000.0,12947763.0,12947763.0
Lets Kill Wards Wife,2015-01-09,5000000.0,0.0,0.0
Heavenly Creatures,1994-11-16,5000000.0,3046086.0,5438120.0
Henry & Me,2014-08-18,5000000.0,0.0,0.0
 Dream Warriors,1987-02-27,5000000.0,44793222.0,44793222.0
Solomon & Sheba,1959-01-01,5000000.0,11000000.0,11000000.0
 The Marked Ones,2014-01-03,5000000.0,32462372.0,86362372.0
Psych 9,2010-12-31,5000000.0,0.0,0.0
The Hatching,2016-03-15,5000000.0,0.0,0.0
Robin & Marian,1976-03-11,5000000.0,8000000.0,8000000.0
The Cottage,2008-12-31,5000000.0,0.0,1504960.0
The Robe,1953-09-16,5000000.0,36000000.0,36000000.0
 The Final Nightmare,1991-09-13,5000000.0,34872033.0,34872033.0
Running Forever,2015-10-27,5000000.0,0.0,0.0
Force 10 from Navarone,1978-12-22,5000000.0,7100000.0,7100000.0
Aztec Warrior,2015-12-31,5000000.0,0.0,0.0
The Sweet Hereafter,1997-10-10,5000000.0,4306697.0,7951247.0
Albino Alligator,1997-01-17,5000000.0,353480.0,353480.0
Mommie Dearest,1981-09-18,5000000.0,19032000.0,25032000.0
Lovely Still,2010-09-10,5000000.0,127564.0,282687.0
The Man From Snowy River,1982-11-03,5000000.0,20659423.0,20659423.0
We Have Your Husband,2011-12-31,5000000.0,0.0,0.0
Capricorn One,2015-01-13,5000000.0,0.0,0.0
 Jason Takes Manhattan,1989-07-28,5000000.0,14343976.0,14343976.0
 The Return of Michael Myers,1988-10-01,5000000.0,17768757.0,17768757.0
The Apostle,1997-12-17,5000000.0,20733485.0,21277770.0
 Life After Death,2009-02-17,5000000.0,0.0,0.0
Born of War,2015-01-27,5000000.0,0.0,0.0
Farce of the Penguins,2007-01-30,5000000.0,0.0,0.0
Cera una volta il West,1969-05-28,5000000.0,5321508.0,5321508.0
 Journey to a Prehistoric World,2010-05-28,5000000.0,6096582.0,16515203.0
Shouldve Been Romeo,2012-12-31,5000000.0,0.0,0.0
Light Sleeper,1992-09-21,5000000.0,1050861.0,1050861.0
Jekyll & Hyde Together Again,1982-08-27,5000000.0,3707583.0,3707583.0
Sling Blade,1996-11-20,4833610.0,24475416.0,34175000.0
Without Men,2011-12-31,4700000.0,0.0,0.0
Pat Garrett & Billy the Kid,1973-05-23,4638783.0,8000000.0,11000000.0
Savage Grace,2008-05-28,4600000.0,434417.0,968805.0
Falcon Rising,2014-09-04,4500000.0,11774.0,11774.0
25th Hour,2002-12-19,4500000.0,13084595.0,25344490.0
Chinjeolhan geumjassi,2006-05-04,4500000.0,211667.0,23471871.0
Secrets & Lies,1996-09-28,4500000.0,13417292.0,13417292.0
Hansel & Gretel Get Baked,2013-06-25,4500000.0,0.0,0.0
Moby Dick,1956-01-01,4500000.0,10400000.0,10400000.0
Four Weddings & a Funeral,1994-03-09,4500000.0,52700832.0,242895809.0
One Flew Over the Cuckoos Nest,1975-11-19,4400000.0,108981275.0,108981275.0
Airlift (2016),2016-12-31,4400000.0,0.0,9969237.0
Sexy Beast,2001-06-13,4300000.0,6946056.0,10158355.0
Snabba Cash,2012-07-11,4300000.0,188870.0,10212403.0
High School Musical,2006-05-23,4200000.0,0.0,0.0
George A Romeros Survival of the Dead,2010-05-28,4200000.0,101740.0,101740.0
Nothing,2003-12-31,4000000.0,0.0,63180.0
A Lonely Place to Die,2012-03-20,4000000.0,0.0,442550.0
Bug,2007-05-25,4000000.0,7006708.0,8302995.0
The Greatest Show on Earth,1952-01-10,4000000.0,36000000.0,36000000.0
The Barbarians,1987-03-31,4000000.0,800000.0,800000.0
Red State,2011-03-05,4000000.0,1065429.0,1983596.0
The Misfits,1961-01-01,4000000.0,8200000.0,8200000.0
Purple Violets,2008-08-26,4000000.0,0.0,0.0
Hells Angels,1930-01-01,4000000.0,0.0,0.0
Another Happy Day,2011-11-18,4000000.0,9120.0,978527.0
Geograf globus propil,2013-12-31,4000000.0,0.0,4454853.0
Exodus,1960-01-01,4000000.0,21750000.0,21750000.0
Sonny,2002-12-27,4000000.0,17639.0,17639.0
Prison,1988-03-04,4000000.0,354704.0,354704.0
The Great Escape,1963-08-08,4000000.0,11744471.0,11744471.0
Repicas,2012-11-09,4000000.0,0.0,0.0
Monsters Ball,2001-12-26,4000000.0,31273922.0,43766463.0
The Helpers,2012-12-31,4000000.0,0.0,0.0
Holy Motors,2012-10-17,4000000.0,641054.0,4230426.0
El orfanato,2007-12-28,4000000.0,7159147.0,79250193.0
1776,1972-11-09,4000000.0,0.0,0.0
The Life of Brian,1979-08-17,4000000.0,20008693.0,20008693.0
Trapeze,1956-01-01,4000000.0,14400000.0,14400000.0
The Veil,2015-12-31,4000000.0,0.0,0.0
Porkys,1982-03-19,4000000.0,109492484.0,109492484.0
Talk Radio,1988-12-01,4000000.0,3468572.0,3468572.0
How to Fall in Love,2012-12-31,4000000.0,0.0,0.0
Gone with the Wind,1939-12-15,3900000.0,198680470.0,390525192.0
A Man for All Seasons,1966-12-12,3900000.0,28350000.0,28350000.0
Ben-Hur,1925-12-30,3900000.0,9000000.0,9000000.0
Network,1976-01-01,3800000.0,23689877.0,23689877.0
Major Dundee,1965-04-07,3800000.0,14873.0,14873.0
The History Boys,2006-11-21,3700000.0,2730296.0,13447998.0
The Pirate,1948-01-01,3700000.0,2956000.0,2956000.0
Midnight Cowboy,1969-05-25,3600000.0,44785053.0,44785053.0
Airplane,1980-07-04,3500000.0,83453539.0,83453539.0
The Betrayed,2009-06-30,3500000.0,0.0,0.0
Ira & Abby,2007-09-14,3500000.0,221096.0,221096.0
The Full Monty,1997-08-13,3500000.0,45950122.0,257938649.0
M*A*S*H,1970-01-01,3500000.0,81600000.0,81600000.0
 The Dark Knight Returns Part 2,2013-01-29,3500000.0,0.0,0.0
Terror Train,1980-01-01,3500000.0,8000000.0,8000000.0
13,2011-06-28,3500000.0,0.0,0.0
In the Name of the King III,2014-03-11,3500000.0,0.0,0.0
The Secret,2006-10-01,3500000.0,0.0,0.0
In Cold Blood,1967-01-01,3500000.0,13000000.0,13007551.0
Trolljegeren,2011-06-10,3500000.0,253444.0,5706638.0
The Nuns Story,1959-01-01,3500000.0,12800000.0,12800000.0
La otra conquista,2000-04-19,3500000.0,886410.0,886410.0
I Got the Hook-Up,1998-05-27,3500000.0,10317779.0,10317779.0
Jagten,2013-05-17,3450000.0,687185.0,18309793.0
Lords of London,2015-09-01,3440000.0,0.0,0.0
To Write Love On Her Arms,2015-03-03,3400000.0,0.0,0.0
High Anxiety,1977-12-23,3400000.0,31063038.0,31063038.0
The Dead Girl,2006-12-29,3300000.0,19875.0,19875.0
The Opposite Sex,2015-01-20,3300000.0,0.0,40262.0
The Man Who Shot Liberty Valance,1962-01-01,3200000.0,8000000.0,8000000.0
Adam,2009-07-29,3200000.0,2277396.0,2828590.0
Beginners,2011-06-03,3200000.0,5790894.0,14314407.0
Its a Wonderful Life,1946-01-01,3180000.0,6600000.0,9644124.0
Judgment at Nuremberg,1961-01-01,3000000.0,10000000.0,10000000.0
Love & Death,1975-06-10,3000000.0,20123742.0,20123742.0
Chicago Overcoat,2009-12-31,3000000.0,0.0,0.0
Demonic,2014-12-31,3000000.0,0.0,2932419.0
The Apartment,1960-01-01,3000000.0,18600000.0,24600000.0
Something Wicked,2015-03-17,3000000.0,0.0,0.0
They Came Together,2014-06-27,3000000.0,0.0,82780.0
Iguana,2014-10-27,3000000.0,0.0,0.0
Frances Ha,2013-05-17,3000000.0,4067398.0,11267511.0
Point Blank,2014-07-08,3000000.0,0.0,0.0
The Deep End,2001-08-08,3000000.0,8823109.0,9981635.0
Coming Home,1978-01-01,3000000.0,32653000.0,32653000.0
 The Beatdown,2011-09-13,3000000.0,0.0,0.0
Four Single Fathers,2009-12-31,3000000.0,0.0,0.0
Compadres,2016-04-22,3000000.0,3127773.0,7445044.0
Goldfinger,1964-12-22,3000000.0,51100000.0,124900000.0
Elmer Gantry,1960-01-01,3000000.0,10400000.0,10400000.0
Torn Curtain,1966-07-16,3000000.0,13000000.0,13000000.0
Paranormal Activity 2,2010-10-20,3000000.0,84752907.0,177512032.0
30 Nights Of Paranormal Activity With The Devil Inside The Girl With The Dragon Tattoo,2013-01-15,3000000.0,0.0,0.0
 Freddys Revenge,1985-11-01,3000000.0,21163999.0,21163999.0
National Lampoons Animal House,1978-07-28,3000000.0,141600000.0,141600000.0
The Deported,2009-12-31,3000000.0,0.0,0.0
Ã  LIntÃ©rieur,2008-04-15,3000000.0,0.0,895932.0
The Bridge on the River Kwai,1957-12-18,3000000.0,33300000.0,33300000.0
 The Armageddon,1993-09-24,3000000.0,3902679.0,3902679.0
Unnatural,2015-12-31,3000000.0,0.0,0.0
Red River,1948-01-01,3000000.0,9012000.0,9012000.0
Open Road,2013-05-21,3000000.0,0.0,47469.0
 The Final Friday,1993-08-13,3000000.0,15935068.0,15935068.0
AWOL-72,2015-12-31,3000000.0,0.0,0.0
Pocketful of Miracles,1961-01-01,2900000.0,5000000.0,5000000.0
Some Like it Hot,1959-03-29,2883848.0,25000000.0,25000000.0
 The New Blood,1988-05-13,2800000.0,19170001.0,19170001.0
Diary of the Dead,2008-02-15,2750000.0,952620.0,5394447.0
Rejsen til Saturn,2008-12-31,2700000.0,0.0,5377665.0
Ulees Gold,1997-06-13,2700000.0,9054736.0,15600000.0
Sardaar Ji,2015-12-31,2700000.0,0.0,8200000.0
Donovans Reef,1963-01-01,2686000.0,6600000.0,6600000.0
A Guy Named Joe,1943-12-24,2627000.0,5363000.0,5363000.0
 The Final Chapter,1984-04-13,2600000.0,32980880.0,32980880.0
Blazing Saddles,1974-01-01,2600000.0,119500000.0,119500000.0
Timber Falls,2007-12-07,2600000.0,0.0,71248.0
Maurice,1987-01-01,2600000.0,3130592.0,3130592.0
La Cara Oculta,2011-12-31,2600000.0,0.0,7033931.0
Silver Medalist,2008-12-31,2600000.0,0.0,0.0
Singin in the Rain,1952-04-10,2540000.0,7200000.0,7200000.0
Antibirth,2016-12-31,2500000.0,0.0,0.0
Stung,2015-07-03,2500000.0,0.0,0.0
Garden State,2004-07-28,2500000.0,26782316.0,36028802.0
 ObamaÂs America,2012-07-13,2500000.0,33349941.0,33349941.0
Christmas Mail,2010-12-31,2500000.0,0.0,0.0
The Rise of the Krays,2016-02-02,2500000.0,0.0,0.0
Religulous,2008-10-01,2500000.0,13011160.0,13881317.0
Escape from the Planet of the Apes,1971-01-01,2500000.0,12300000.0,12300000.0
Sky Sharks,2017-12-31,2500000.0,0.0,0.0
The Calling,2009-12-31,2500000.0,0.0,0.0
8 Days,2015-10-13,2500000.0,0.0,0.0
This is England,2007-07-25,2380000.0,327919.0,8739576.0
Bathing Beauty,1944-01-01,2361000.0,3500000.0,3500000.0
Eden,2016-01-19,2300000.0,0.0,0.0
The Brave  Little Toaster,1987-06-19,2300000.0,0.0,0.0
The Toxic Avenger Part II,2015-04-15,2300000.0,0.0,0.0
Fantasia,1940-11-13,2280000.0,83320000.0,83320000.0
Impact Point,2008-12-31,2200000.0,0.0,0.0
The Valley of Decision,1945-01-01,2160000.0,9132000.0,9132000.0
Chicken Tikka Masala,2005-12-31,2160000.0,0.0,37865.0
 Monster Slayer,2008-10-07,2150000.0,0.0,0.0
The Best Years of Our Lives,1946-11-21,2100000.0,23600000.0,23600000.0
Infected,2012-12-31,2100000.0,0.0,0.0
Elling,2002-05-29,2100000.0,313436.0,313436.0
The Timber,2015-10-06,2100000.0,0.0,0.0
[Rec],2009-07-14,2100000.0,0.0,23266821.0
Lies in Plain Sight,2010-12-31,2100000.0,0.0,0.0
Mi America,2016-10-16,2100000.0,3330.0,3330.0
Sharkskin,2016-01-19,2100000.0,0.0,0.0
To Kill A Mockingbird,1962-12-25,2000000.0,13129846.0,13129846.0
From Russia With Love,1964-04-08,2000000.0,24800000.0,78900000.0
Stitches,2013-04-01,2000000.0,0.0,63555.0
The Lady from Shanghai,2015-03-17,2000000.0,0.0,0.0
Alexanders Ragtime Band,1938-01-01,2000000.0,4000000.0,4000000.0
A Funny Thing Happened on the Way to the Forum,2014-09-09,2000000.0,0.0,0.0
Nine Dead,2009-12-31,2000000.0,0.0,0.0
Slacker Uprising,2007-12-31,2000000.0,0.0,0.0
Gentlemans Agreement,1947-01-01,2000000.0,7800000.0,7800000.0
Lesbian Vampire Killers,2009-12-29,2000000.0,0.0,3620902.0
Shortbus,2006-10-04,2000000.0,1985292.0,1985292.0
Straight As,2013-03-19,2000000.0,0.0,0.0
Before Sunset,2004-07-02,2000000.0,5792822.0,11293790.0
The Wrong Side of Right,2016-07-08,2000000.0,0.0,0.0
 The Rise of Reeker,2008-10-14,2000000.0,0.0,0.0
 Twenty Four Seven,1998-04-15,2000000.0,72544.0,72544.0
Witchboard,1986-12-31,2000000.0,7369373.0,7369373.0
In the Heat of the Night,1967-08-02,2000000.0,24379978.0,24379978.0
Pendulum,2001-12-31,2000000.0,0.0,0.0
To Be Frank Sinatra at 100,2015-12-31,2000000.0,0.0,926.0
Return of the Living Dead III,1993-01-01,2000000.0,21000.0,21000.0
Thirteen,2003-08-20,2000000.0,4601043.0,9505996.0
Shark Lake,2015-12-01,2000000.0,0.0,0.0
Wings,1927-08-12,2000000.0,0.0,0.0
Everything You Always Wanted to Know,1972-08-11,2000000.0,18016290.0,18016290.0
Lucky Dog,2014-12-31,2000000.0,0.0,0.0
Boom Town,1940-01-01,2000000.0,9172000.0,9172000.0
Wind Walkers,2015-12-31,2000000.0,0.0,0.0
Highway,2012-12-31,2000000.0,0.0,0.0
Bananas,1971-04-28,2000000.0,0.0,0.0
Lolita,1962-01-01,2000000.0,9250000.0,9250000.0
 The Road Warrior,1982-05-21,2000000.0,24600832.0,24600832.0
Good Ol Boy,2015-12-31,2000000.0,0.0,0.0
True Bromance,2011-12-31,2000000.0,0.0,0.0
Submarine,2011-06-03,1900000.0,467602.0,4581937.0
Vaalu,2015-12-31,1900000.0,0.0,12444.0
Rivers Edge,1987-05-08,1900000.0,4600000.0,4600000.0
Hang em High,1968-08-03,1800000.0,6800000.0,6800000.0
Songcatcher,2001-06-15,1800000.0,3050934.0,3050934.0
Higher Ground,2011-08-23,1800000.0,841056.0,842693.0
Independence Daysaster,2013-12-31,1800000.0,0.0,0.0
Against the Wild,2014-03-11,1800000.0,0.0,0.0
Deadline,2009-12-31,1800000.0,0.0,0.0
A Streetcar Named Desire,1951-09-18,1800000.0,8000000.0,8000000.0
Beasts of the Southern Wild,2012-06-27,1800000.0,12795746.0,23265132.0
Dr Strangelove,1964-01-29,1800000.0,9164370.0,9164370.0
Battle for the Planet of the Apes,1973-01-01,1800000.0,8800000.0,8800000.0
Ed & his Dead Mother,1993-01-01,1800000.0,673.0,673.0
 The Story of Ted the Caver,2013-12-31,1750000.0,0.0,0.0
In the Bedroom,2001-11-23,1700000.0,35930604.0,42137871.0
La misma luna,2008-03-19,1700000.0,12590147.0,23271741.0
Conquest of the Planet of the Apes,1972-01-01,1700000.0,9700000.0,9700000.0
From Here to Eternity,1953-08-05,1650000.0,30500000.0,30500000.0
You Cant Take It With You,1938-01-01,1644000.0,4000000.0,4000000.0
Out of the Dark,1989-12-31,1600000.0,419428.0,419428.0
The Conversation,1974-04-07,1600000.0,4420000.0,4420000.0
She Wore a Yellow Ribbon,1949-01-01,1600000.0,5400000.0,5400000.0
Bloodsport,1988-02-26,1500000.0,11806119.0,11806119.0
Once Upon a Time in Queens,2014-11-11,1500000.0,0.0,0.0
Exotica,1994-09-23,1500000.0,5046118.0,5046118.0
The Squid & the Whale,2005-10-05,1500000.0,7372734.0,11191423.0
Me You & Five Bucks,2015-09-28,1500000.0,2105.0,2105.0
Blood Simple,1985-01-18,1500000.0,1690913.0,2730877.0
Modern Times,1936-02-05,1500000.0,163245.0,163245.0
Kissing Jessica Stein,2002-03-13,1500000.0,7025722.0,9345061.0
Mr Smith Goes To Washington,1939-01-01,1500000.0,9000000.0,9000000.0
Waitress,2007-05-02,1500000.0,19097550.0,22217183.0
Forty Shades of Blue,2005-09-28,1500000.0,75828.0,172569.0
Kids,1995-07-21,1500000.0,7412216.0,20412216.0
I Want Someone To Eat Cheese With,2007-09-05,1500000.0,194568.0,194568.0
Killing Zoe,1994-08-31,1500000.0,418953.0,418953.0
The Lion of Judah,2011-06-03,1500000.0,0.0,0.0
Mutant World,2015-05-26,1500000.0,0.0,0.0
Spellbound,1945-10-31,1500000.0,7000000.0,7000000.0
Snow White & the Seven Dwarfs,1937-12-21,1488000.0,184925485.0,184925485.0
Shalako,1968-01-01,1455000.0,2620000.0,2620000.0
House at the End of the Drive,2014-12-31,1400000.0,0.0,0.0
One Shot,2015-12-31,1400000.0,0.0,0.0
Kurmanjan datka,2014-12-31,1400000.0,0.0,0.0
Batman - The Movie,2001-08-21,1377800.0,0.0,0.0
The Ballad of Gregorio Cortez,1983-08-19,1305000.0,909000.0,909000.0
The 41 Year Old Virgin Who Knocked Up Sarah Marshall & Felt Superbad About It,2009-12-31,1300000.0,0.0,0.0
Forget Me Not,2011-05-24,1300000.0,0.0,13465.0
Neal n Nikki,2005-12-09,1300000.0,100358.0,329621.0
Rebecca,1940-01-01,1288000.0,6000000.0,6000000.0
The Lost Weekend,1945-01-01,1250000.0,11000000.0,11000000.0
Da Sweet Blood of Jesus,2015-01-13,1250000.0,0.0,0.0
Friday the 13th Part 2,1981-04-30,1250000.0,21722776.0,21722776.0
How Green Was My Valley,1941-10-28,1250000.0,0.0,0.0
Niagara,1953-01-21,1250000.0,2500000.0,2500000.0
The Rocky Horror Picture Show,1975-09-26,1200000.0,140241017.0,140241017.0
Sex Lies & Videotape,1989-08-04,1200000.0,24741667.0,36741667.0
The Trouble With Harry,1955-10-03,1200000.0,7000000.0,7000000.0
The Wicked Within,2013-12-31,1200000.0,0.0,0.0
The Wrong Man,1956-12-23,1200000.0,2000000.0,2000000.0
Extreme Movie,2008-12-31,1200000.0,0.0,81338.0
Strangers on a Train,1951-07-03,1200000.0,7000000.0,7000000.0
Q,1982-11-19,1200000.0,255000.0,255000.0
Il buono il brutto il cattivo,1967-12-29,1200000.0,6100000.0,6100000.0
Below Zero,2012-08-28,1200000.0,0.0,0.0
Charge of the Light Brigade The,1936-10-20,1200000.0,0.0,0.0
Reservoir Dogs,1992-10-23,1200000.0,2832029.0,2832029.0
Cotton Comes to Harlem,2014-09-09,1200000.0,0.0,0.0
The Blue Bird,1976-01-01,1200000.0,887000.0,887000.0
The Offspring,1987-09-04,1100000.0,1355728.0,1355728.0
Departure,2015-12-31,1100000.0,0.0,27561.0
The Vatican Exorcisms,2013-12-31,1100000.0,0.0,0.0
Dead Undead The,2010-12-31,1100000.0,0.0,0.0
Silent Running,2015-04-07,1100000.0,0.0,0.0
 Pages from a Virgins Diary,2003-05-14,1100000.0,39659.0,81371.0
Lake Mungo,2010-03-23,1100000.0,0.0,0.0
Casablanca,1943-01-23,1039000.0,10462500.0,10462500.0
Hidden Away,2014-01-07,1000000.0,0.0,0.0
Panic,2000-12-01,1000000.0,779137.0,1425707.0
Truth or Die,2012-10-09,1000000.0,0.0,0.0
The House of the Devil,2009-10-30,1000000.0,101215.0,102812.0
Heli,2013-12-31,1000000.0,0.0,31562.0
Alone with Her,2007-01-17,1000000.0,10787.0,844377.0
Transamerica,2005-12-02,1000000.0,9015303.0,16553163.0
Fear Clinic,2015-02-10,1000000.0,0.0,0.0
The Horror Network,2015-10-27,1000000.0,0.0,0.0
Rocky,1976-11-21,1000000.0,117235147.0,225000000.0
Love Lisa,2002-12-30,1000000.0,213137.0,213137.0
 A Deadly Summer,2012-03-20,1000000.0,0.0,0.0
 the Extraordinary Story of the New York Cosmos,2006-07-07,1000000.0,144601.0,215559.0
Dr No,1963-05-08,1000000.0,16067035.0,59567035.0
Doc Hollidays Revenge,2014-12-31,1000000.0,0.0,0.0
Blue Valentine,2010-12-29,1000000.0,9737892.0,16566240.0
Love Me Tender,1956-01-01,1000000.0,9000000.0,9000000.0
Karachi se Lahore,2015-12-31,1000000.0,0.0,17721.0
Bang Bang Baby,2014-12-31,1000000.0,0.0,0.0
Lisa Picard is Famous,2001-08-22,1000000.0,113433.0,113433.0
Sands of Iwo Jima,1949-01-01,1000000.0,7800000.0,7800000.0
Beyond the Valley of the Dolls,1970-01-01,1000000.0,9000000.0,9000000.0
Loving Annabelle,2006-12-31,1000000.0,0.0,5382.0
An Inconvenient Truth,2006-05-24,1000000.0,24146161.0,52769915.0
Chemical Cut,2016-12-31,1000000.0,0.0,0.0
Frat Party,2009-12-01,1000000.0,0.0,0.0
Tom Jones,1963-10-07,1000000.0,37600000.0,37600000.0
The Poker House,2009-07-17,1000000.0,0.0,0.0
Junebug,2005-08-03,1000000.0,2678010.0,3553253.0
Black Rock,2013-05-14,1000000.0,0.0,0.0
Por amor en el caserio,2015-12-22,1000000.0,0.0,0.0
 The Movie,2008-12-31,1000000.0,0.0,0.0
1982,2016-03-01,1000000.0,0.0,0.0
 A Year on Ice,2014-11-28,1000000.0,288757.0,288757.0
Ajami,2010-02-03,1000000.0,621859.0,2721096.0
Ask Me Anything,2015-03-03,950000.0,0.0,0.0
Jesse,2014-08-12,950000.0,0.0,0.0
Trance,2010-12-31,950000.0,0.0,11784772.0
On the Waterfront,1954-07-28,910000.0,9600000.0,9600000.0
40 Weeks,2014-12-31,900000.0,0.0,0.0
Le bonheur dElza,2015-05-05,900000.0,0.0,0.0
Bambi,1942-08-13,858000.0,102797000.0,268000000.0
Harrison Montgomery,2008-12-31,850000.0,0.0,0.0
London to Brighton,2009-08-11,825000.0,0.0,610776.0
Crying With Laughter,2009-12-31,820000.0,0.0,16909.0
Vessel,2015-01-09,800000.0,0.0,0.0
Cama adentro,2007-07-18,800000.0,200433.0,200433.0
Jodaeiye Nader az Simin,2011-12-30,800000.0,7098492.0,24426169.0
American Graffiti,1973-08-11,777000.0,115000000.0,140000000.0
Donkey Punch,2009-01-23,750000.0,19367.0,814801.0
Destiny,2014-12-31,750000.0,0.0,450.0
Adulterers,2016-01-05,750000.0,0.0,0.0
La mariÃ©e Ã©tait en noir ,1968-06-25,747000.0,44566.0,44566.0
High Noon,1952-01-01,730000.0,8000000.0,8000000.0
B-Girl,2010-01-26,700000.0,0.0,1160.0
 Last of the First,2014-12-31,650000.0,0.0,0.0
After,2012-12-31,650000.0,0.0,0.0
Starsuckers,2009-12-31,640000.0,0.0,14812.0
Treachery,2013-12-31,625000.0,0.0,0.0
Per qualche dollaro in piÃ¹,1967-05-10,600000.0,4300000.0,4300000.0
Irreplaceable,2015-02-24,600000.0,0.0,0.0
Light from the Darkroom,2014-12-31,600000.0,0.0,0.0
The Blair Witch Project,1999-07-14,600000.0,140539099.0,248300000.0
A Hard Days Night,1964-08-11,560000.0,1537860.0,1585688.0
Julija in alfa Romeo,2015-12-31,560000.0,0.0,8462.0
Mata Hari,1931-12-31,558000.0,900000.0,900000.0
Love Letters,1984-04-27,550000.0,5269990.0,5269990.0
High Road,2012-03-06,546173.0,0.0,0.0
Roadside,2015-04-14,500000.0,0.0,0.0
Going Under,1990-12-31,500000.0,0.0,0.0
The Little Ponderosa Zoo,2015-11-10,500000.0,0.0,0.0
Enter Nowhere,2012-04-03,500000.0,0.0,0.0
Johnny Suede,1991-01-01,500000.0,55000.0,55000.0
America Is Still The Place,2014-12-31,500000.0,0.0,0.0
Rodeo Girl,2015-12-31,500000.0,0.0,0.0
Now is Good,2013-01-08,500000.0,0.0,2141436.0
 Elizabeth Streb vs Gravity,2014-09-10,500000.0,1822.0,1822.0
Benji,1974-11-15,500000.0,31559560.0,31559560.0
Alleluia The Devils Carnival,2015-08-11,500000.0,0.0,0.0
Drones,2010-12-31,500000.0,0.0,0.0
Crabs,2016-12-31,500000.0,0.0,0.0
Girls Gone Dead,2012-07-17,500000.0,0.0,0.0
Brooklyn Bizarre,2015-12-01,500000.0,0.0,0.0
 30 Century Man,2009-02-27,500000.0,6840.0,77121.0
Groove,2000-06-09,500000.0,1115313.0,1167524.0
Insomnia Manica,2005-12-31,500000.0,0.0,0.0
Bucky & the Squirrels,2013-12-31,500000.0,0.0,0.0
Finishing the Game,2007-10-05,500000.0,52850.0,53201.0
Shichinin no samurai,1956-11-19,500000.0,271736.0,271736.0
Fight to the Finish,2014-12-31,500000.0,0.0,0.0
Fengkuang de Shitou,2006-12-31,500000.0,0.0,3000000.0
Diamond Rufff,2014-12-31,500000.0,0.0,0.0
The Sound & the Shadow,2014-12-31,500000.0,0.0,0.0
El rey de Najayo,2012-12-31,500000.0,0.0,0.0
 The Mysteries & Mentors of Ricky Jay,2013-04-17,500000.0,152449.0,152449.0
Love in the Time of Monsters,2015-02-10,500000.0,0.0,0.0
Kingdom of the Spiders,1977-01-01,500000.0,17000000.0,17000000.0
The Toxic Avenger,1984-12-31,475000.0,0.0,0.0
Straight out of Brooklyn,1991-01-01,450000.0,2712293.0,2712293.0
Rise Of the Entrepreneur - The Search For A Better Way,2014-12-31,450000.0,0.0,0.0
Mutual Friends,2014-07-01,450000.0,0.0,0.0
42nd Street,1933-03-09,439000.0,1438000.0,2281000.0
E tu vivrai nel terrore - LaldilÃ ,1983-01-01,400000.0,126387.0,126387.0
Monty Python & the Holy Grail,1975-05-10,400000.0,3427696.0,5028948.0
Viskningar och rop,2015-03-31,400000.0,0.0,0.0
My Beautiful Laundrette,1986-04-01,400000.0,0.0,0.0
Tarnation,2004-10-06,400000.0,592014.0,1162014.0
Pancakes,2014-12-31,400000.0,0.0,0.0
Quinceanera,2006-08-02,400000.0,1692693.0,2797199.0
The Dark Hours,2005-10-13,400000.0,423.0,423.0
The Broadway Melody,1929-02-01,379000.0,2800000.0,4358000.0
51 Birch Street,2006-10-18,350000.0,84689.0,84689.0
 The Confrontation,1987-01-01,350000.0,4000000.0,4000000.0
Maniac,1980-01-01,350000.0,10000000.0,10000000.0
12 Angry Men,1957-04-13,340000.0,0.0,0.0
It Happened One Night,1934-01-01,325000.0,2500000.0,2500000.0
Tupac Resurrection,2003-11-14,300000.0,7718961.0,7808524.0
Sisters in Law,2006-04-12,300000.0,33312.0,33312.0
Amidst the Devils Wings,2015-12-08,300000.0,0.0,0.0
Andersons Cross,2010-12-31,300000.0,0.0,0.0
Walking to Paris,2015-12-31,300000.0,0.0,0.0
Nothing But a Man,2012-11-09,300000.0,17241.0,17241.0
Death Race 2000,1975-04-01,300000.0,0.0,0.0
Wendy & Lucy,2008-12-10,300000.0,865695.0,1416046.0
Death Calls,2010-12-31,290000.0,0.0,0.0
The Frozen,2012-12-18,250000.0,0.0,0.0
Rock the House,2011-12-31,250000.0,0.0,0.0
4/11,2015-12-31,250000.0,0.0,0.0
Give Me Shelter,2015-02-24,250000.0,0.0,0.0
Rust,2010-10-05,250000.0,0.0,0.0
Butterfly,2010-12-31,250000.0,0.0,0.0
Love & Other Catastrophes,1997-03-28,250000.0,212285.0,743216.0
Ink,2009-11-10,250000.0,0.0,0.0
Sticky Fingers of Time,1999-01-08,250000.0,18195.0,20628.0
The Christmas Bunny,2010-12-31,250000.0,0.0,0.0
Along the Roadside,2015-03-24,250000.0,0.0,3234.0
Horse Camp,2014-12-31,250000.0,0.0,0.0
Shooting the Warwicks,2015-12-31,250000.0,0.0,0.0
The Big Parade,1925-01-01,245000.0,11000000.0,22000000.0
Mad Max,1980-03-21,200000.0,8750000.0,99750000.0
Sanctuary; Quite a Conundrum,2014-08-26,200000.0,0.0,0.0
 An American Girl Holiday,2004-12-31,200000.0,0.0,0.0
Per un pugno di dollari,1967-01-18,200000.0,3500000.0,3500000.0
H,2014-12-31,200000.0,0.0,0.0
Perfect Cowboy,2015-11-10,200000.0,0.0,0.0
Dolphin,1979-06-30,170000.0,14000.0,14000.0
Lumea e a mea,2015-12-31,168000.0,0.0,29827.0
Sweet Sweetbacks Baad Asssss Song,1971-01-01,150000.0,15200000.0,15200000.0
Once,2007-05-16,150000.0,9445857.0,23344056.0
A Charlie Brown Christmas,2009-10-06,150000.0,0.0,0.0
Escaping the Holocost,2015-12-31,150000.0,0.0,0.0
Speak No Evil,2013-12-31,150000.0,0.0,32927.0
The Brain That Sings,2015-08-11,125000.0,0.0,0.0
Romantic Schemer,2015-12-31,125000.0,0.0,0.0
Une Femme MariÃ©e,2016-05-24,120000.0,0.0,0.0
A Dogs Breakfast,2007-12-31,120000.0,0.0,0.0
A Dogs Breakfast,2007-12-31,120000.0,0.0,0.0
The Birth of a Nation,1915-02-08,110000.0,10000000.0,11000000.0
Dude Wheres My Dog,2014-12-31,100000.0,0.0,0.0
Tiger Orange,2015-07-07,100000.0,0.0,0.0
Open Secret,2015-03-25,100000.0,0.0,0.0
The Past is a Grotesque Animal,2014-06-19,100000.0,20056.0,20056.0
Lunchtime Heroes,2015-12-31,100000.0,0.0,0.0
Hollywood Shuffle,1987-03-01,100000.0,5228617.0,5228617.0
Echo Dr,2013-12-31,100000.0,0.0,0.0
Eraserhead,1977-01-01,100000.0,7000000.0,7000000.0
Penitentiary,1980-05-10,100000.0,287000.0,287000.0
Closure,2015-03-17,100000.0,0.0,0.0
The Night Visitor,2015-11-10,100000.0,0.0,0.0
Absentia,2011-12-31,70000.0,0.0,8555.0
I Love You Â Dont Touch Me,1998-02-20,68000.0,33598.0,33598.0
The Brain That Wouldnt Die,2015-12-22,60000.0,0.0,0.0
Hayride,2012-12-31,60000.0,0.0,0.0
Big Things,2009-12-31,50000.0,0.0,0.0
The Call of Cthulhu,2005-12-31,50000.0,0.0,0.0
Bending Steel,2015-08-04,50000.0,0.0,0.0
Run Hide Die,2015-09-01,50000.0,0.0,0.0
The Image Revolution,2014-12-31,50000.0,0.0,0.0
Happy 40th,2014-12-31,35000.0,0.0,0.0
The Last Waltz,1991-07-01,35000.0,321952.0,321952.0
Paraphobia,2013-12-31,30000.0,0.0,0.0
Clerks,1994-10-19,27000.0,3073428.0,3894240.0
Pink Narcissus,1999-12-24,27000.0,8231.0,8231.0
Backmask,2015-09-01,25000.0,0.0,2322.0
Dutch Kills,2015-12-01,25000.0,0.0,0.0
Deep Throat,1972-06-30,25000.0,45000000.0,45000000.0
Slacker,1991-08-01,23000.0,1227508.0,1227508.0
Dry Spell,2014-12-31,22000.0,0.0,0.0
Flywheel,2003-12-31,20000.0,0.0,0.0
The Ridges,2011-11-25,17300.0,0.0,0.0
Stories of Our Lives,2014-12-31,15000.0,0.0,0.0
Tin Can Man,2007-12-31,12000.0,0.0,0.0
The Rise & Fall of Miss Thang,2008-08-14,10000.0,401.0,401.0
Bang,1996-04-01,10000.0,527.0,527.0
Family Motocross,2015-05-19,10000.0,0.0,0.0
Cavite,2006-05-26,7000.0,70071.0,71644.0
El Mariachi,1993-02-26,7000.0,2040920.0,2041928.0
The Mongol King,2004-01-01,7000.0,900.0,900.0
Return to the Land of Wonders,2005-07-13,5000.0,1338.0,1338.0
Shanghai Calling,2013-02-15,3967.0,10443.0,10443.0
